ticker,stkPx,expirDate,yte,strike,cBidPx,cValue,cAskPx,iRate,trade_date,duration
ACCO,7.68,11/20/2015,0.00822,2.5,4.8,5.18,5.7,0.0007,11/17/2015,3
ACCO,7.68,11/20/2015,0.00822,5,2.35,2.68,3.2,0.0007,11/17/2015,3
ACCO,7.68,11/20/2015,0.00822,7.5,0.05,0.34,0.75,0.0007,11/17/2015,3
ACCO,7.68,11/20/2015,0.00822,10,0,0,0.4,0.0007,11/17/2015,3
ACCO,7.68,11/20/2015,0.00822,12.5,0,0,0.4,0.0007,11/17/2015,3
ACCO,7.68,12/18/2015,0.08493,2.5,4.8,5.18,5.7,0.0014,11/17/2015,31
ACCO,7.68,12/18/2015,0.08493,5,2.35,2.68,3.2,0.0014,11/17/2015,31
ACCO,7.68,12/18/2015,0.08493,7.5,0.1,0.43,0.75,0.0014,11/17/2015,31
ACCO,7.68,12/18/2015,0.08493,10,0,0.01,0.15,0.0014,11/17/2015,31
ACCO,7.68,12/18/2015,0.08493,12.5,0,0,0.15,0.0014,11/17/2015,31
ACCO,7.68,12/18/2015,0.08493,15,0,0,0.45,0.0014,11/17/2015,31
ACCO,7.68,3/18/2016,0.33425,2.5,4.8,5.23,5.7,0.0034,11/17/2015,122
ACCO,7.68,3/18/2016,0.33425,5,2.35,2.78,3.3,0.0034,11/17/2015,122
ACCO,7.68,3/18/2016,0.33425,7.5,0.35,0.74,1.1,0.0034,11/17/2015,122
ACCO,7.68,3/18/2016,0.33425,10,0.05,0.07,0.35,0.0034,11/17/2015,122
ACCO,7.68,3/18/2016,0.33425,12.5,0,0,0.2,0.0034,11/17/2015,122
ACCO,7.68,3/18/2016,0.33425,15,0,0,0.2,0.0034,11/17/2015,122
ACCO,7.68,6/17/2016,0.58356,2.5,4.5,5.23,6.4,0.005,11/17/2015,213
ACCO,7.68,6/17/2016,0.58356,5,2.2,2.82,3.9,0.005,11/17/2015,213
ACCO,7.68,6/17/2016,0.58356,7.5,0.5,0.95,1.35,0.005,11/17/2015,213
ACCO,7.68,6/17/2016,0.58356,10,0.05,0.19,0.55,0.005,11/17/2015,213
ACCO,7.68,6/17/2016,0.58356,12.5,0,0.03,0.35,0.005,11/17/2015,213
ACCO,7.68,6/17/2016,0.58356,15,0,0,0.25,0.005,11/17/2015,213
